area_type,availability,location,size,society,total_sqft,bath,balcony,price
Super built-up  Area,19-Dec,Electronic City Phase II,2 BHK,Coomee,1056,2,1,39.07
Plot  Area,Ready To Move,Chikka Tirupathi,4 BHK,Theanmp,2600,5,3,120
Built-up  Area,Ready To Move,Uttarahalli,3 BHK,,1440,2,3,62
Super built-up  Area,Ready To Move,Lingadheeranahalli,3 BHK,Soiewre,1521,3,1,95
Super built-up  Area,Ready To Move,Kothanur,2 BHK,,1200,2,1,51
Super built-up  Area,Ready To Move,Whitefield,2 BHK,DuenaTa,1170,2,1,38
Super built-up  Area,18-May,Old Airport Road,4 BHK,Jaades,2732,4,1,204
Super built-up  Area,Ready To Move,Rajaji Nagar,4 BHK,Brway G,3300,4,1,600
Super built-up  Area,Ready To Move,Marathahalli,3 BHK,,1310,3,1,63.25
Plot  Area,Ready To Move,Gandhi Bazar,4 BHK,,1020,6,1,370
Super built-up  Area,18-Feb,Whitefield,3 BHK,,1800,2,2,70
Plot  Area,Ready To Move,Whitefield,4 BHK,Prrry M,2785,5,3,295
Super built-up  Area,Ready To Move,7th Phase JP Nagar,2 BHK,Shncyes,1000,2,1,38
Built-up  Area,Ready To Move,Gottigere,2 BHK,,1100,2,2,40
Plot  Area,Ready To Move,Sarjapur,4 BHK,Skityer,2250,3,2,148
Super built-up  Area,Ready To Move,Mysore Road,2 BHK,PrntaEn,1175,2,2,73.5
Super built-up  Area,Ready To Move,Bisuvanahalli,3 BHK,Prityel,1180,3,2,48
Super built-up  Area,Ready To Move,Raja Rajeshwari Nagar,3 BHK,GrrvaGr,1540,3,3,60
Super built-up  Area,Ready To Move,Ramakrishnappa Layout,3 BHK,PeBayle,2770,4,2,290
Super built-up  Area,Ready To Move,Manayata Tech Park,2 BHK,,1100,2,2,48
Built-up  Area,Ready To Move,Kengeri,1 BHK,,600,1,1,15
Super built-up  Area,19-Dec,Binny Pete,3 BHK,She 2rk,1755,3,1,122
Plot  Area,Ready To Move,Thanisandra,4 BHK,Soitya,2800,5,2,380
Super built-up  Area,Ready To Move,Bellandur,3 BHK,,1767,3,1,103
Super built-up  Area,18-Nov,Thanisandra,1 RK,Bhe 2ko,510,1,0,25.25
Super built-up  Area,18-May,Mangammanapalya,3 BHK,,1250,3,2,56
Super built-up  Area,Ready To Move,Electronic City,2 BHK,Itelaa,660,1,1,23.1
Built-up  Area,20-Dec,Whitefield,3 BHK,,1610,3,2,81
Super built-up  Area,17-Oct,Ramagondanahalli,2 BHK,ViistLa,1151,2,2,48.77
Super built-up  Area,Ready To Move,Electronic City,3 BHK,KBityo,1025,2,1,47
Super built-up  Area,19-Dec,Yelahanka,4 BHK,LedorSa,2850,4,0,186
Super built-up  Area,Ready To Move,Bisuvanahalli,3 BHK,Prityel,1075,2,1,35
Super built-up  Area,Ready To Move,Hebbal,3 BHK,Mahosya,1760,2,2,123
Super built-up  Area,Ready To Move,Raja Rajeshwari Nagar,3 BHK,GrrvaGr,1693,3,3,57.39
Built-up  Area,Ready To Move,Kasturi Nagar,3 BHK,Kantsce,1925,3,1,125
Super built-up  Area,21-Dec,Kanakpura Road,2 BHK,PrarePa,700,2,1,36
Super built-up  Area,Ready To Move,Electronics City Phase 1,2 BHK,,1070,2,1,45.5
Super built-up  Area,Ready To Move,Kundalahalli,3 BHK,Dieldli,1724,3,2,125
Super built-up  Area,Ready To Move,Chikkalasandra,3 BHK,,1290,2,2,56.12
Built-up  Area,Ready To Move,Uttarahalli,2 BHK,,1143,2,2,45
Built-up  Area,Ready To Move,Murugeshpalya,2 BHK,Gentson,1296,2,1,81
Super built-up  Area,19-Dec,Sarjapur  Road,3 BHK,Soini T,1254,3,2,38
Super built-up  Area,Ready To Move,Ganga Nagar,1 BHK,Ceove G,600,1,0,38
Plot  Area,Ready To Move,Yelahanka,4 BHK,,660,1,0,48
Super built-up  Area,19-Sep,Kanakpura Road,2 BHK,Soazak,1330.74,2,2,91.79
Plot  Area,Ready To Move,HSR Layout,4 BHK,,600,9,1,200
Super built-up  Area,Ready To Move,Doddathoguru,2 BHK,LancyRe,970,2,0,33
Super built-up  Area,20-Sep,Whitefield,2 BHK,Goted U,1459,2,1,94.82
Plot  Area,Ready To Move,KR Puram,4 BHK,,800,1,1,130
Built-up  Area,Ready To Move,Himagiri Meadows,2 BHK,,869,2,1,36
Super built-up  Area,Ready To Move,Adarsh Nagar,2 BHK,Bhncyis,1270,2,1,50
Super built-up  Area,18-Mar,Bhoganhalli,3 BHK,Rosha I,1670,3,1,99
Built-up  Area,Ready To Move,Whitefield,3 BHK,Suent V,2010,3,2,91
Super built-up  Area,Ready To Move,Lakshminarayana Pura,2 BHK,RothaVa,1185,2,2,75
Super built-up  Area,Ready To Move,Yelahanka,3 BHK,NCowsar,1600,2,3,75
Super built-up  Area,Ready To Move,Begur Road,2 BHK,Dhalsh,1200,2,2,44
Built-up  Area,20-Feb,Devanahalli,4 BHK,BrereAt,3410,2,1,192
Super built-up  Area,Ready To Move,Ramakrishnappa Layout,2 BHK,PeBayle,1500,2,2,185
Plot  Area,Ready To Move,Murugeshpalya,4 BHK,,1407,4,1,150
Super built-up  Area,Ready To Move,Govindaraja Nagar Ward,2 BHK,,840,2,2,45
Plot  Area,Ready To Move,Tharabanahalli,4 BHK,,4395,3,2,240
Super built-up  Area,Ready To Move,Ganga Nagar,2 BHK,Laavevi,845,2,1,55
Plot  Area,Ready To Move,Whitefield,4 BHK,Chranya,5700,5,3,650
Built-up  Area,Ready To Move,Varthur,2 BHK,HioraTr,1160,2,2,44
Built-up  Area,Ready To Move,Bommanahalli,4 BHK,,3000,8,0,140
Super built-up  Area,Ready To Move,Doddathoguru,2 BHK,,1100,2,1,62
Super built-up  Area,18-Apr,Gunjur,2 BHK,BMineis,1140,2,3,43
Super built-up  Area,Ready To Move,Marathahalli,2 BHK,,1220,2,1,57
Plot  Area,Ready To Move,Devarachikkanahalli,4 BHK,,1350,7,0,85
Super built-up  Area,Ready To Move,Kanakpura Road,2 BHK,,1005,2,1,36.68
Plot  Area,Ready To Move,Double Road,4 BHK,,500,3,2,100
Super built-up  Area,20-Aug,Begur Road,2 BHK,Pruthg,1358,2,1,80.58
Super built-up  Area,Ready To Move,Hegde Nagar,3 BHK,Sonosty,1569,3,1,101
Super built-up  Area,18-Apr,Haralur Road,2 BHK,SNnia E,1240,2,1,70
Super built-up  Area,Ready To Move,Hennur Road,3 BHK,Anavi B,2089,3,2,140
Super built-up  Area,Ready To Move,Kothannur,2 BHK,,1206,2,1,48.23
Super built-up  Area,Ready To Move,Kalena Agrahara,2 BHK,,1150,2,3,40
Built-up  Area,Ready To Move,Cholanayakanahalli,3 BHK,Viony H,2511,3,3,205
Built-up  Area,Ready To Move,Kaval Byrasandra,2 BHK,,460,1,0,22
Built-up  Area,Ready To Move,ISRO Layout,4 BHK,,4400,6,3,250
Super built-up  Area,Ready To Move,Kodanda Reddy Layout,3 BHK,AdentEl,1660,2,2,105
Built-up  Area,18-Oct,Hennur Road,4 BHK,Gollela,3000,3,1,224.5
Super built-up  Area,19-Mar,Yelahanka,2 BHK,Niareum,1326,2,2,78
Super built-up  Area,Ready To Move,Garudachar Palya,3 BHK,,1325,2,2,60.8
Super built-up  Area,Ready To Move,EPIP Zone,3 BHK,SJlynro,1499,5,2,102
Built-up  Area,Ready To Move,Hegde Nagar,4 BHK,,3000,7,2,210
Super built-up  Area,Ready To Move,Kanakpura Road,3 BHK,,1665,3,2,88
Super built-up  Area,17-Sep,Dasanapura,2 BHK,Tavenew,708,2,2,37
Super built-up  Area,Ready To Move,Kasavanhalli,2 BHK,Srire S,1060,2,2,58.06
Plot  Area,Ready To Move,Rajaji Nagar,4 BHK,,710,6,3,160
Built-up  Area,Ready To Move,Sanjay nagar,2 BHK,Saenti,1000,2,2,70
Super built-up  Area,18-Dec,Electronic City,2 BHK,,1000,2,1,28.88
Super built-up  Area,Ready To Move,Mysore Highway,3 BHK,,1450,2,2,70
Plot  Area,Ready To Move,ISRO Layout,4 BHK,,1200,4,2,155
Super built-up  Area,17-Aug,Thanisandra,2 BHK,Bhmesy,1296,2,3,80
Super built-up  Area,Ready To Move,Domlur,3 BHK,,1540,3,2,90
Plot  Area,Ready To Move,Kengeri,4 BHK,Goardth,2894,4,1,245
Super built-up  Area,Ready To Move,Sarjapura - Attibele Road,3 BHK,,1330,2,1,48
Built-up  Area,Ready To Move,Devasthanagalu,2 BHK,,1200,2,1,65
Built-up  Area,Ready To Move,T Dasarahalli,4 BHK,,1200,3,1,90
Super built-up  Area,Ready To Move,Yeshwanthpur,3 BHK,IBityin,2502,3,3,138
Built-up  Area,Ready To Move,Chandapura,2 BHK,KHityry,650,1,1,17
Plot  Area,Ready To Move,Kothanur,4 BHK,BDensar,2400,2,1,150
Super built-up  Area,Ready To Move,Green View Layout,2 BHK,Makeser,1007,2,2,43
Super built-up  Area,Ready To Move,Shantiniketan Layout,2 BHK,Maest N,1200,2,2,50
Super built-up  Area,Ready To Move,Peenya,2 BHK,,966,2,2,49.9
Built-up  Area,Ready To Move,Nagarbhavi,3 BHK,,1630,2,1,98
Built-up  Area,Ready To Move,Rajaji Nagar,3 BHK,Brway G,1640,3,2,229
Built-up  Area,Ready To Move,Jalahalli West,2 BHK,,782,2,2,55.68
Super built-up  Area,19-Apr,Devanahalli,2 BHK,Oznuean,1260,2,2,66.78
Super built-up  Area,Ready To Move,Lakshmiamma Garden,3 BHK,,1800,3,3,120
Super built-up  Area,Ready To Move,Byatarayanapura,3 BHK,Reeroce,1413,2,2,75
Super built-up  Area,Ready To Move,Whitefield,2 BHK,Sonviik,1116,2,1,51.91
Super built-up  Area,Ready To Move,Electronic City,3 BHK,DSgmax,1530,2,1,45.9
Built-up  Area,Ready To Move,Ramamurthy Nagar,4 BHK,,3700,4,1,225
Built-up  Area,Ready To Move,Sarjapur  Road,4 BHK,Cetattu,2497,3,2,140
Super built-up  Area,Ready To Move,Kengeri,3 BHK,Vaens G,1540,2,3,64
Super built-up  Area,18-Dec,Thanisandra,3 BHK,,1436,3,1,74.75
Super built-up  Area,18-Jun,Malleshwaram,2 BHK,,1100,2,2,75
Plot  Area,Ready To Move,Hennur Road,4 BHK,,276,3,3,23
Super built-up  Area,Ready To Move,Thanisandra,3 BHK,Moity S,1427,3,2,120
Super built-up  Area,Ready To Move,Akshaya Nagar,3 BHK,HiahsLa,2061,3,1,200
Super built-up  Area,18-Mar,Hebbal,4 BHK,SNontle,4500,4,0,477
Built-up  Area,Ready To Move,Shampura,4 BHK,,2650,4,2,150
Super built-up  Area,22-Dec,Devanahalli,3 BHK,Sabixtt,1282,2,2,68.52
Built-up  Area,Ready To Move,Kadugodi,2 BHK,,1050,2,1,34
Built-up  Area,Ready To Move,LB Shastri Nagar,3 BHK,Sragei,1600,3,2,65
Super built-up  Area,22-Jan,Vajarahalli,2 BHK,,945,2,1,54
Super built-up  Area,Ready To Move,Hormavu,2 BHK,SyidaCr,1500,2,1,78
Plot  Area,Ready To Move,Vishwapriya Layout,4 BHK,,950,7,0,115
Built-up  Area,Ready To Move,Peenya,3 BHK,Jahts H,1870,3,3,110
Plot  Area,Ready To Move,Sarjapur,4 BHK,Inensba,1600,3,1,75
Super built-up  Area,Ready To Move,Electronic City,2 BHK,Itelaa,880,1,1,16.5
Plot  Area,Ready To Move,Ramaswamy Palya - Kammanahalli Main Road,4 BHK,,1200,4,0,210
Super built-up  Area,Ready To Move,Kudlu Gate,3 BHK,Srier P,1535,3,2,83
Built-up  Area,Ready To Move,Kanakpura Road,2 BHK,Wiowsri,950,2,1,57
Super built-up  Area,18-Aug,Devanahalli,2 BHK,Derdsig,1360,2,1,65
Super built-up  Area,19-Mar,8th Phase JP Nagar,2 BHK,Vaarech,1200,2,0,54.005
Super built-up  Area,18-May,Bommasandra Industrial Area,3 BHK,,1280,3,1,50.4
Super built-up  Area,19-Jan,Chandra Layout,3 BHK,TiaksAa,1260,2,2,85.05
Built-up  Area,Ready To Move,Hennur Road,4 BHK,,5000,8,1,250
Super built-up  Area,19-Dec,Yelahanka,5 BHK,LedorSa,3050,5,1,213
Super built-up  Area,Ready To Move,Kasavanhalli,3 BHK,HMwerCo,1563.05,3,1,105
Super built-up  Area,Ready To Move,ISRO Layout,2 BHK,,1000,2,1,60
Super built-up  Area,17-Jul,Anandapura,2 BHK,ViensRK,1167,2,1,43.76
Super built-up  Area,Ready To Move,Vishveshwarya Layout,7 BHK,,4000,7,2,225
Super built-up  Area,Ready To Move,Kothanur,3 BHK,Somumys,1828,3,1,110
Super built-up  Area,Ready To Move,Kengeri Satellite Town,2 BHK,HoiewLa,890,2,1,35
Super built-up  Area,Ready To Move,Basavanapura,3 BHK,Dwity T,1612,3,3,46.74
Plot  Area,Ready To Move,Dinnur,4 BHK,,1034,5,1,185
Super built-up  Area,19-Apr,Mysore Road,3 BHK,Brama P,1710,4,2,91.31
Super built-up  Area,Ready To Move,Kannamangala,2 BHK,VBownre,957,2,1,58
Super built-up  Area,18-May,Devarachikkanahalli,3 BHK,,1250,2,3,44
Super built-up  Area,Ready To Move,Sanjeevini Nagar,3 BHK,Betatsi,2795,4,2,235
Super built-up  Area,Ready To Move,Hulimavu,2 BHK,Prcan P,1125,2,2,50
Super built-up  Area,18-Jul,Electronic City Phase II,2 BHK,Sryalan,1020,2,1,30.6
Super built-up  Area,Ready To Move,Kalena Agrahara,2 BHK,,1200,2,2,50
Super built-up  Area,Ready To Move,Thanisandra,3 BHK,Soitya,1735,3,3,135
Super built-up  Area,Ready To Move,Thanisandra,3 BHK,G conTh,2050,3,1,145
Plot  Area,Ready To Move,Mahalakshmi Layout,4 BHK,,3750,4,0,760
Built-up  Area,Ready To Move,Yarandahalli,3 BHK,,1350,2,3,48
Super built-up  Area,18-May,Hosa Road,2 BHK,SStusan,1063,2,1,32
Super built-up  Area,Ready To Move,Keshava Nagar,3 BHK,ETens G,1904,3,1,150
Built-up  Area,Ready To Move,Whitefield,4 BHK,,4200,4,2,420
Super built-up  Area,Ready To Move,RMV Extension,3 BHK,Hohnari,2000,3,1,175
Super built-up  Area,18-Dec,Sarjapur,2 BHK,Kinuerg,1300,2,0,43.49
Super built-up  Area,Ready To Move,Tejaswini Nagar,3 BHK,Naods W,1425,2,2,75
Super built-up  Area,Ready To Move,Electronic City,3 BHK,GMown E,1500,2,1,64.5
Built-up  Area,Ready To Move,Electronic City,2 BHK,GMown E,1060,2,1,60
Built-up  Area,Ready To Move,Jai Bheema Nagar,3 BHK,Sancyra,1470,2,2,70
Super built-up  Area,Ready To Move,Kothnur Narayanapura,6 BHK,,1300,6,0,99
Super built-up  Area,Ready To Move,Attibele,1 BHK,Jae 1hu,450,1,1,11
Super built-up  Area,18-Apr,Electronic City,2 BHK,Prarkun,1152,2,1,64.5
Super built-up  Area,Ready To Move,Electronic City,3 BHK,GMown E,1350,2,1,56
Super built-up  Area,Ready To Move,CV Raman Nagar,3 BHK,Srshq T,1550,3,3,65
Plot  Area,Ready To Move,CHIKKATIRUPATHI,4 BHK,,1500,3,2,100
Plot  Area,Ready To Move,Kumaraswami Layout,4 BHK,,600,3,2,85
Plot  Area,Ready To Move,Nagavara,4 BHK,,400,1,0,14
Super built-up  Area,Ready To Move,Malleshwaram,1 BHK,Utntspa,705,1,2,67
Built-up  Area,Ready To Move,Electronic City,2 BHK,GMown E,770,1,1,36
Super built-up  Area,Ready To Move,Hulimavu,2 BHK,Aniona,1242,2,3,51
Super built-up  Area,Ready To Move,Hebbal Kempapura,3 BHK,Goateds,1700,3,2,155
Super built-up  Area,Ready To Move,Thanisandra,3 BHK,Soitya,2144,3,2,145
Super built-up  Area,21-Jun,Vijayanagar,3 BHK,Saahaat,1704,3,2,110
Super built-up  Area,Ready To Move,Electronic City,2 BHK,GMown E,1070,2,1,52
Plot  Area,Ready To Move,8th block Koramangala,4 BHK,,1846,3,2,300
Super built-up  Area,Ready To Move,Jakkuru Layout,2 BHK,,1340,2,2,55.7
Built-up  Area,Ready To Move,Electronic City,2 BHK,GMown E,1025,2,1,46
Super built-up  Area,Ready To Move,KR Puram,2 BHK,MCvarar,1200,2,0,56.8
Super built-up  Area,Ready To Move,Marathahalli,2 BHK,VRave E,1200,2,2,52
Built-up  Area,18-Dec,Kanakpura Road,4 BHK,,2250,4,1,110
Super built-up  Area,Ready To Move,Pattandur Agrahara,3 BHK,MaidoPl,1550,2,3,80
Plot  Area,Ready To Move,Bellandur,4 BHK,,1200,5,1,325
Plot  Area,Ready To Move,Ejipura,4 BHK,,1800,7,1,250
Super built-up  Area,Ready To Move,Marathahalli,2 BHK,Aiitya,1200,2,2,60
Super built-up  Area,Ready To Move,Yelahanka,2 BHK,PuziaVe,1327,2,2,98
Super built-up  Area,Ready To Move,Kothanur,2 BHK,,1186,2,2,58
Built-up  Area,Ready To Move,MS Pallya,4 BHK,,1783,3,1,115
Super built-up  Area,Ready To Move,HSR Layout,3 BHK,NRosete,1400,3,2,56
Super built-up  Area,Ready To Move,Nagasandra,2 BHK,,980,2,1,48
Super built-up  Area,Ready To Move,EPIP Zone,2 BHK,,1285,2,2,82
Super built-up  Area,Ready To Move,Langford Town,3 BHK,,912,2,1,70
Built-up  Area,Ready To Move,Whitefield,2 BHK,Sancya,1225,2,2,47.6
Super built-up  Area,Ready To Move,Whitefield,2 BHK,,1075,2,1,53
Built-up  Area,Ready To Move,Kadugodi,3 BHK,MSingco,1260,2,2,54
Super built-up  Area,Ready To Move,Yelahanka,3 BHK,Pyikad,1282,2,2,48.7
Super built-up  Area,Ready To Move,Kogilu,3 BHK,CaIRSCr,1909,3,2,88
Super built-up  Area,Ready To Move,Panathur,2 BHK,Prcesvy,1359,2,1,87
Built-up  Area,Ready To Move,Nagondanahalli,2 BHK,,1207,2,2,43.5
Plot  Area,Ready To Move,Padmanabhanagar,4 BHK,,1736,6,0,190
Super built-up  Area,20-May,1st Block Jayanagar,4 BHK,,2850,4,1,428
Super built-up  Area,Ready To Move,Kammasandra,3 BHK,Emstael,1595,3,2,65
Built-up  Area,18-Jun,"Off Sarjapur Road, ",3 BHK,,1798,3,2,89
Super built-up  Area,Ready To Move,Electronics City Phase 1,3 BHK,SNdri N,1475,3,2,78.29
Super built-up  Area,Ready To Move,Tala Cauvery Layout,3 BHK,HodhiSa,1580,3,3,100
Super built-up  Area,Ready To Move,Dasarahalli,2 BHK,Syonyph,1295,2,1,65
Built-up  Area,Ready To Move,Magadi Road,4 BHK,,3600,6,0,141
Super built-up  Area,Ready To Move,Electronic City,1 BHK,Itvir M,589,1,1,27
Super built-up  Area,Ready To Move,Ngef Layout,3 BHK,,1415,3,3,78
Super built-up  Area,18-Dec,Sarjapur  Road,3 BHK,Klark L,1787,3,2,98.29
Super built-up  Area,Ready To Move,Sarjapur  Road,3 BHK,Klark L,1787,3,2,125
Super built-up  Area,Ready To Move,Koramangala,3 BHK,Piityra,1475,2,3,90
Built-up  Area,Ready To Move,"Lakshminarayanapura, Electronic City Phase 2",4 BHK,,2000,4,1,75.5
Super built-up  Area,19-Mar,Sarjapur  Road,2 BHK,AsastDe,984,2,1,44.28
Super built-up  Area,19-Dec,Devanahalli,3 BHK,Jurdsig,1600,4,2,74.82
Super built-up  Area,Ready To Move,Muthurayya Swamy Layout,3 BHK,MacleK,2405,4,2,260
Built-up  Area,Ready To Move,7th Phase JP Nagar,2 BHK,Brnia G,1080,2,2,72
Plot  Area,Ready To Move,Shantiniketan Layout,4 BHK,,1500,2,1,115
Super built-up  Area,Ready To Move,Hebbal,3 BHK,,1900,3,2,119
Super built-up  Area,19-Aug,Dommasandra,2 BHK,,805,2,1,22.14
Super built-up  Area,Ready To Move,Budigere,2 BHK,PrityTr,1153,2,2,56.4
Super built-up  Area,Ready To Move,Dodda Nekkundi Extension,2 BHK,AlEcone,1148,2,2,60
Super built-up  Area,Ready To Move,Mylasandra,2 BHK,Laowsba,1110,2,2,55
Built-up  Area,Ready To Move,Electronic City,2 BHK,Saave R,1100,2,2,42
Super built-up  Area,Ready To Move,Kalyan nagar,2 BHK,Anave S,1290,2,2,110
Super built-up  Area,Ready To Move,Dr Shivarama Karantha Nagar,3 BHK,,1500,2,1,65
Super built-up  Area,18-Apr,Bank Of Baroda Colony,2 BHK,,1080,2,2,39
Super built-up  Area,21-Jun,Vijayanagar,3 BHK,Saityat,1933,3,1,129
Built-up  Area,Ready To Move,Ramamurthy Nagar,4 BHK,,3500,5,2,150
Built-up  Area,Ready To Move,Kullappa Colony,2 BHK,,1060,2,2,60
Super built-up  Area,18-Aug,Chandapura,1 BHK,SunceEs,645,1,1,16.45
Plot  Area,Ready To Move,Mukkutam Nagar,4 BHK,,2600,8,2,180
Super built-up  Area,18-Sep,Chandapura,1 BHK,SunceEs,645,1,1,16.45
Super built-up  Area,Ready To Move,Ashwath Nagar,3 BHK,SJcerpe,1644,3,3,84
Super built-up  Area,Ready To Move,Ncpr Industrial Layout,2 BHK,Supams,1285,2,3,72.5
Plot  Area,Ready To Move,Electronic City,4 BHK,,1200,3,1,90
Super built-up  Area,Ready To Move,Electronic City,2 BHK,CoapeSo,910,2,1,40
Super built-up  Area,Ready To Move,Kothanur,3 BHK,Bisic C,1577,3,1,70
Plot  Area,17-May,Meenakunte,4 BHK,Sreat R,4050,3,2,280
Super built-up  Area,Ready To Move,OMBR Layout,3 BHK,Inntsa,2420,3,2,185
Super built-up  Area,Ready To Move,Chandapura,2 BHK,KHityry,800,1,1,20
Built-up  Area,Ready To Move,Anand Nagar,2 BHK,,1060,2,2,55
Super built-up  Area,Ready To Move,7th Phase JP Nagar,2 BHK,BriumMi,1270,2,2,93
Super built-up  Area,18-Jun,Shree Ananth Nagar Layout,2 BHK,,900,2,2,22.5
Built-up  Area,Ready To Move,Kundalahalli Colony,4 BHK,,1280,2,1,69
Plot  Area,Ready To Move,Horamavu Agara,4 BHK,,1200,2,0,95
Built-up  Area,Ready To Move,Sarjapur  Road,2 BHK,,1025,2,2,36
Super built-up  Area,17-Jun,Electronic City,2 BHK,Prarkun,1108,2,1,63
Plot  Area,Ready To Move,MCECHS  layout,4 BHK,,1200,5,3,170
Super built-up  Area,Ready To Move,Coffee Board Layout,3 BHK,Calyxy,3045,3,2,170
Plot  Area,Ready To Move,Ambedkar Nagar,4 BHK,Thessrm,2900,3,2,300
Super built-up  Area,Ready To Move,Vijayanagar,3 BHK,JJortom,1500,3,2,75.5
Super built-up  Area,Ready To Move,Raja Rajeshwari Nagar,2 BHK,GrrvaGr,1295,2,2,43.9
Super built-up  Area,Ready To Move,Budigere,2 BHK,PrityTr,1162,2,1,59.9
Super built-up  Area,Ready To Move,Sarjapur  Road,2 BHK,Usquaya,1035,2,2,49.2
Built-up  Area,Ready To Move,Attibele,4 BHK,Natic T,1600,4,0,52.8
Super built-up  Area,Ready To Move,KUDLU MAIN ROAD,3 BHK,,1464,3,2,46
Super built-up  Area,18-Oct,Hennur Road,3 BHK,DSapeSk,1866,2,2,61.58
Super built-up  Area,Ready To Move,Geleyara Balaga Layout,2 BHK,Jahtsa,700,1,1,26
Super built-up  Area,Ready To Move,Kalena Agrahara,3 BHK,Prillot,1804,3,2,120
Super built-up  Area,Ready To Move,Sarjapur,2 BHK,,913,2,1,32
Super built-up  Area,21-Dec,Talaghattapura,3 BHK,Sodgere,1868,3,2,131
Built-up  Area,Ready To Move,Kengeri Satellite Town,2 BHK,,883,2,1,45
Plot  Area,Ready To Move,Sundara Nagar,4 BHK,,900,2,1,110
Super built-up  Area,Ready To Move,Kogilu,3 BHK,,1664,2,3,73.95
Super built-up  Area,Ready To Move,Hegde Nagar,3 BHK,SoitaCa,2026,3,2,132
Super built-up  Area,Ready To Move,Balagere,2 BHK,Soestin,1210,2,1,80.9
Plot  Area,Ready To Move,Meenakunte,4 BHK,Sreat R,4111,4,2,250
Super built-up  Area,Ready To Move,Kadugodi,3 BHK,Alestrb,1762,3,3,91.45
Super built-up  Area,Ready To Move,Jigani,3 BHK,DLhtsen,1252,3,3,55
Built-up  Area,Ready To Move,Gollarapalya Hosahalli,2 BHK,Mauner,861,2,1,34.5
Built-up  Area,Ready To Move,7th Phase JP Nagar,3 BHK,Brnia G,1420,2,1,100
Plot  Area,Ready To Move,Srirampura,4 BHK,,1450,6,0,250
Built-up  Area,Ready To Move,Electronics City Phase 1,3 BHK,GaicaVe,1490,3,1,78.8
Super built-up  Area,Ready To Move,Bisuvanahalli,3 BHK,,1075,2,1,46
Super built-up  Area,18-Aug,Old Madras Road,3 BHK,Saesttt,1425,2,2,94
Built-up  Area,Ready To Move,Kalena Agrahara,2 BHK,Nae 2El,1200,2,1,40
Super built-up  Area,Ready To Move,Kaggadasapura,3 BHK,,1280,2,2,56
Super built-up  Area,Ready To Move,Silver Springs Layout,2 BHK,Bhinglv,1084,2,2,50
Super built-up  Area,18-Jul,Chandapura,2 BHK,SunceEs,1015,2,2,25.88
Super built-up  Area,21-May,Kanakpura Road,2 BHK,GolusLi,1017,2,1,51.25
Super built-up  Area,Ready To Move,Haralur Road,2 BHK,,1027,2,2,44
Super built-up  Area,Ready To Move,Electronic City Phase II,2 BHK,Coush W,1069,2,2,45
Super built-up  Area,Ready To Move,Hebbal,2 BHK,Prersis,1349,2,1,98.2
Super built-up  Area,Ready To Move,9th Phase JP Nagar,2 BHK,NaensGa,1005,2,1,50
Super built-up  Area,Ready To Move,Jakkur,2 BHK,Arzzo P,1417,2,3,75
Plot  Area,18-Jan,TC Palaya,4 BHK,,1475,3,1,98
Carpet  Area,Ready To Move,Maruthi Sevanagar,2 BHK,SMikaay,950,2,2,47
Super built-up  Area,Ready To Move,RMV 2nd Stage,4 BHK,Prave E,2000,4,0,120
Plot  Area,Ready To Move,Giri Nagar,4 BHK,,880,3,1,140
Super built-up  Area,Ready To Move,Sarjapur  Road,4 BHK,Ahriaup,1863,3,2,104
Super built-up  Area,Ready To Move,Singasandra,2 BHK,Priewhi,1010,2,1,29.5
Super built-up  Area,Ready To Move,Kalena Agrahara,3 BHK,Shodsth,1425,2,1,70
Super built-up  Area,Ready To Move,Vijayanagar,3 BHK,Swadeh,1450,3,0,100
Super built-up  Area,Ready To Move,Kothanur,3 BHK,Somumys,1847,3,2,105
Super built-up  Area,Ready To Move,AECS Layout,2 BHK,Soran U,1100,2,3,45
Super built-up  Area,20-Dec,Kanakpura Road,1 BHK,PrarePa,525,1,1,26
Super built-up  Area,Ready To Move,Mallasandra,3 BHK,Puestig,1665,3,2,95
Super built-up  Area,Ready To Move,Begur,4 BHK,Prntsrt,1664,4,3,65
Super built-up  Area,Ready To Move,JP Nagar,3 BHK,Maerar,1850,3,3,150
Super built-up  Area,Ready To Move,Panathur,2 BHK,Vaesh T,1438,2,3,100
Super built-up  Area,Ready To Move,Sunder Ram Shetty Nagar,3 BHK,MaisePa,1560,3,3,115
Super built-up  Area,18-Apr,Yelahanka,2 BHK,,1350,2,1,55.55
Super built-up  Area,Ready To Move,Kanakpura Road,3 BHK,JRrnauv,1550,3,3,67
Super built-up  Area,18-Apr,Malleshpalya,2 BHK,,1140,2,2,46.5
Plot  Area,Ready To Move,Srirampura,4 BHK,,1200,5,2,180
Super built-up  Area,18-Dec,Kodathi,2 BHK,,850,2,2,27
Super built-up  Area,Ready To Move,Whitefield,2 BHK,Gotis A,1280,2,2,75
Built-up  Area,Ready To Move,Munnekollal,2 BHK,,1170,2,2,52
Super built-up  Area,Ready To Move,Motappa Layout,2 BHK,Puodse,1113,2,1,51
Super built-up  Area,Ready To Move,Hennur Road,2 BHK,Mileeou,1385,2,1,83.09
Super built-up  Area,18-Apr,Electronic City,2 BHK,Prarkun,1128,2,1,65
Plot  Area,Ready To Move,Marathahalli,4 BHK,,1200,2,2,128
Plot  Area,Ready To Move,Akshaya Vana,4 BHK,,1200,4,3,165
Super built-up  Area,Ready To Move,Rajaji Nagar,3 BHK,PhestOn,2390,3,2,415
Plot  Area,Ready To Move,Giri Nagar,4 BHK,,2400,4,1,400
Super built-up  Area,Ready To Move,Haralur Road,3 BHK,NRowse,1464,3,2,56
Super built-up  Area,Ready To Move,Manayata Tech Park,2 BHK,,1200,2,2,55
Super built-up  Area,Ready To Move,Kaval Byrasandra,2 BHK,Abncy R,1200,2,2,52
Super built-up  Area,Ready To Move,Kaggalipura,3 BHK,Baowsig,1150,2,1,55
Built-up  Area,Ready To Move,Basavanna Nagar,3 BHK,Itala A,1645,3,2,95
Super built-up  Area,20-Mar,Sarjapur  Road,2 BHK,,1000,2,1,67
Plot  Area,Ready To Move,Haralur Road,4 BHK,,2650,4,2,198
Super built-up  Area,Ready To Move,6th Phase JP Nagar,2 BHK,HMinebo,1192,2,2,74
Super built-up  Area,Ready To Move,Ulsoor,3 BHK,K borja,2135,3,2,215
Super built-up  Area,19-Dec,Whitefield,2 BHK,Oreldhi,1173,2,1,58
Built-up  Area,Ready To Move,Uttarahalli,2 BHK,Sungspr,1020,2,2,45
Super built-up  Area,Ready To Move,Thigalarapalya,4 BHK,Prtanha,3122,6,2,230
Super built-up  Area,Ready To Move,Somasundara Palya,3 BHK,,1600,3,3,64
Plot  Area,18-Mar,T.C PALYA,4 BHK,,1200,2,0,79
Carpet  Area,Ready To Move,Muneshwara Nagar,2 BHK,,1230,2,3,48
Super built-up  Area,Ready To Move,Devarachikkanahalli,2 BHK,Clntsrt,1250,2,2,40
Super built-up  Area,Ready To Move,Kalena Agrahara,2 BHK,PuamaPa,1325,2,2,76
Built-up  Area,Ready To Move,7th Phase JP Nagar,3 BHK,Brngsal,1850,3,1,150
Super built-up  Area,21-Dec,Kanakpura Road,1 BHK,PrarePa,525,5,1,21.53
Super built-up  Area,Ready To Move,Basaveshwara Nagar,2 BHK,,1200,2,2,65
Plot  Area,Ready To Move,Bull Temple Road,4 BHK,,1350,2,0,140
Super built-up  Area,18-Jun,Bommasandra,3 BHK,SSestth,1260,3,1,49.36
Super built-up  Area,Ready To Move,Prashanth Nagar,3 BHK,Vancy R,1800,3,0,150
Plot  Area,18-Dec,Suragajakkanahalli,4 BHK,PrhyaK,11,3,2,74
Built-up  Area,Ready To Move,Ardendale,2 BHK,Miwel M,1100,2,1,43.25
Super built-up  Area,Ready To Move,Harlur,2 BHK,SrEndPo,1508,2,1,77
Carpet  Area,Ready To Move,Sampigehalli,3 BHK,Puens G,1592,3,2,75
Super built-up  Area,Ready To Move,Akshaya Nagar,2 BHK,SagasSa,1388,2,3,57
Super built-up  Area,18-May,Electronic City Phase II,1 BHK,SNbay G,630,1,1,28.35
Plot  Area,Ready To Move,RMV,4 BHK,,2000,3,2,365
Super built-up  Area,Ready To Move,Banashankari3rd stage bigbazar,3 BHK,,1762,3,1,125
Super built-up  Area,21-Dec,Bagalur Main Road,2 BHK,,950,2,2,50
Super built-up  Area,Ready To Move,Kodihalli,4 BHK,Soianal,3252,5,3,335
Super built-up  Area,18-Aug,Magadi Road,2 BHK,Vrenty,1116,2,1,50
Super built-up  Area,Ready To Move,Narayanapura,2 BHK,AriosHe,1308,2,2,89.04
Super built-up  Area,Ready To Move,MS Pallya,3 BHK,,1200,3,0,90
Plot  Area,Ready To Move,Binny Mills Employees Colony,4 BHK,,1500,4,2,230
Built-up  Area,Ready To Move,Bannerghatta Road,1 BHK,,500,1,1,18.5
Super built-up  Area,Ready To Move,Hennur,2 BHK,SLureSi,1075,2,1,52
Super built-up  Area,18-Mar,Chandapura,1 BHK,Siissi,530,1,0,11.66
Built-up  Area,Ready To Move,Bellandur,2 BHK,,1205,2,3,66
Super built-up  Area,Ready To Move,5th Phase JP Nagar,2 BHK,Mangsr,1075,2,2,60
Built-up  Area,Ready To Move,KR Puram,2 BHK,HovasTe,930,2,2,39
Super built-up  Area,Ready To Move,Balagere,2 BHK,Exncene,1380,2,1,60
Super built-up  Area,Ready To Move,Hebbal,4 BHK,Prersis,2483,5,2,212
Built-up  Area,Ready To Move,Kodigehaali,2 BHK,Shyas S,1166,2,2,55
Super built-up  Area,Ready To Move,Bannerghatta Road,2 BHK,NadelCi,1050,2,1,65
Super built-up  Area,19-Mar,Gopalapura,3 BHK,Sothadr,2023.71,3,2,275
Super built-up  Area,Ready To Move,Begur Road,2 BHK,Dhalsh,1200,2,2,46.8
Super built-up  Area,Ready To Move,Lakshminarayana Pura,3 BHK,Puarent,1600,2,1,108
Super built-up  Area,Ready To Move,Billekahalli,3 BHK,MaionPa,1935,3,2,110
Super built-up  Area,18-May,8th Phase JP Nagar,1 BHK,Maian M,451,1,0,29.9
Super built-up  Area,Ready To Move,Electronic City,3 BHK,ShstaAl,1800,3,2,95
Super built-up  Area,18-May,Jalahalli,3 BHK,Shard T,1400,3,0,77
Super built-up  Area,Ready To Move,Hegde Nagar,3 BHK,SoitaCa,1801,3,2,115
Built-up  Area,Ready To Move,Mahadevpura,2 BHK,Neagar,1451,2,2,90
Plot  Area,19-Jan,Anekal,4 BHK,,1200,1,1,36
Super built-up  Area,Ready To Move,Begur Road,2 BHK,Dhalsh,1160,2,2,44
Built-up  Area,Ready To Move,Kengeri,2 BHK,,1000,2,1,25
Super built-up  Area,Ready To Move,Kanakpura Road,2 BHK,Wiowsri,950,2,1,40
Built-up  Area,20-Dec,"Hoodi Circle, ",3 BHK,,1629,3,2,79
Built-up  Area,Ready To Move,Vijayanagar,3 BHK,,1580,2,0,134
Super built-up  Area,21-Jun,Vijayanagar,3 BHK,Saityat,1826,3,2,121
Built-up  Area,Ready To Move,7th Phase JP Nagar,2 BHK,Eladero,1245,2,1,94
Super built-up  Area,Ready To Move,Raja Rajeshwari Nagar,2 BHK,Lancyey,1145,2,2,45.79
Super built-up  Area,Ready To Move,Sompura,2 BHK,Suiseit,825,2,1,33
Super built-up  Area,18-Aug,Yeshwanthpur,3 BHK,Aroomba,1693,3,3,108
Super built-up  Area,Ready To Move,Electronics City Phase 1,2 BHK,Courf T,1113.27,2,2,53
Built-up  Area,Ready To Move,Ashirvad Colony,2 BHK,VMowsea,1460,2,1,58
Built-up  Area,Ready To Move,Doddathoguru,2 BHK,S onsMa,1050,2,1,32
Built-up  Area,Ready To Move,Dodda Nekkundi,2 BHK,Tuentpa,1260,2,2,55
Super built-up  Area,Ready To Move,K N Extension,6 BHK,,700,3,3,120
Built-up  Area,Ready To Move,Hosur Road,2 BHK,Tovesee,1656,2,1,120
Super built-up  Area,Ready To Move,Chandapura,3 BHK,Vailsaf,1208,3,1,45
Super built-up  Area,Ready To Move,Whitefield,3 BHK,BrlisCo,1910,3,2,161
Super built-up  Area,Ready To Move,Whitefield,4 BHK,Haestt,3252,4,1,230
Plot  Area,Ready To Move,Battarahalli,4 BHK,,1200,2,1,65
Super built-up  Area,Ready To Move,Gokula Extension,4 BHK,,1200,4,1,175
Super built-up  Area,Ready To Move,7th Phase JP Nagar,2 BHK,BriumMi,1175,2,1,82
Plot  Area,Ready To Move,Kamakshipalya,4 BHK,,1000,2,0,165
Plot  Area,Ready To Move,Bannerghatta Road,4 BHK,,1200,2,0,125
Super built-up  Area,Ready To Move,Rajaji Nagar,3 BHK,PhestOn,2390,3,2,410
Super built-up  Area,19-Jan,Rajaji Nagar,7 BHK,,12000,6,3,2200
Plot  Area,Ready To Move,Sultan Palaya,4 BHK,,550,1,1,62
Super built-up  Area,Ready To Move,Kengeri,1 BHK,,1356,1,0,18.5
Super built-up  Area,Ready To Move,Sanne Amanikere,2 BHK,Hoxiaa,1185,2,1,38
Super built-up  Area,Ready To Move,Kengeri,2 BHK,VBvenal,750,2,1,38
Plot  Area,Ready To Move,Mahalakshmi Layout,4 BHK,,1200,7,3,250
Super built-up  Area,Ready To Move,Kanakpura Road,3 BHK,JRrnauv,1550,3,3,64.5
Built-up  Area,Ready To Move,Amco Colony,3 BHK,Hoeatan,1760,3,2,88
Super built-up  Area,Ready To Move,Billekahalli,2 BHK,Asity S,1125,2,2,62
Plot  Area,Ready To Move,Nagarbhavi,4 BHK,,1350,3,2,150
Plot  Area,17-Dec,Anandapura,4 BHK,,1000,2,1,55
Built-up  Area,18-Aug,Bommasandra Industrial Area,2 BHK,,1090,2,2,31.48
Plot  Area,Ready To Move,TC Palaya,4 BHK,,1200,2,0,60
Super built-up  Area,Ready To Move,Budigere,3 BHK,PrityTr,1991,4,2,103
Super built-up  Area,18-Oct,Bommasandra,2 BHK,DSoodil,1060,2,1,26.5
Super built-up  Area,Ready To Move,Ambalipura,2 BHK,SJarkte,1105,2,1,75
Built-up  Area,Ready To Move,Hoodi,2 BHK,Dhgraas,985,2,2,67
Plot  Area,Ready To Move,Chandapura,4 BHK,,1533,5,3,85
Super built-up  Area,17-Jul,Balagere,3 BHK,HiqueMa,1590,3,2,79
Super built-up  Area,Ready To Move,CV Raman Nagar,2 BHK,Srshq T,1120,2,2,55
Super built-up  Area,Ready To Move,Samethanahalli,2 BHK,SPontna,1069,2,1,55
Super built-up  Area,Ready To Move,Marathahalli,3 BHK,Prionad,1933,3,2,140
Built-up  Area,16-Mar,Hosur Road,2 BHK,PuendWe,1194,2,0,69
Super built-up  Area,Ready To Move,Brookefield,2 BHK,Danna S,1150,2,3,69
Super built-up  Area,Ready To Move,Yelenahalli,2 BHK,,1240,2,2,47.12
Super built-up  Area,Ready To Move,Raja Rajeshwari Nagar,2 BHK,GrrvaGr,1419,2,2,48.1
Plot  Area,Ready To Move,7th Phase JP Nagar,4 BHK,,1200,8,2,250
Super built-up  Area,Ready To Move,Richmond Town,3 BHK,Bltonin,2150,4,1,240
Super built-up  Area,Ready To Move,Suddaguntepalya,3 BHK,MSanaer,1450,3,2,55
Super built-up  Area,18-Jul,Udayapur Village,3 BHK,Plowsri,1630,3,2,68.29
Super built-up  Area,Ready To Move,Dasanapura,2 BHK,Tavenew,708,1,1,40
Plot  Area,Ready To Move,Kasavanhalli,4 BHK,,1000,4,3,110
Plot  Area,Ready To Move,Whitefield,4 BHK,,11890,4,3,700
Super built-up  Area,Ready To Move,Bellandur,2 BHK,Ocavees,1250,2,1,76
Super built-up  Area,Ready To Move,7th Phase JP Nagar,3 BHK,Brnia G,1400,2,1,95
Super built-up  Area,Ready To Move,Sarjapur  Road,3 BHK,,1670,2,3,57
Super built-up  Area,Ready To Move,Ardendale,3 BHK,SoystAm,1750,3,2,100
Super built-up  Area,Ready To Move,Vittasandra,2 BHK,Prlla C,1404,2,1,71
Super built-up  Area,Ready To Move,Hoodi,3 BHK,SMaxyay,1715,2,2,95
Built-up  Area,18-Apr,Electronic City,1 BHK,Prarkun,630,1,1,34.65
Super built-up  Area,Ready To Move,Harlur,3 BHK,SosicCl,1752.12,3,2,135
Super built-up  Area,Ready To Move,Hulimavu,3 BHK,,1650,3,2,78
Super built-up  Area,Ready To Move,Raja Rajeshwari Nagar,2 BHK,GrrvaGr,1295,2,1,55.47
Plot  Area,Ready To Move,Giri Nagar,4 BHK,Bancyri,1800,3,2,252
Super built-up  Area,18-Sep,Sarjapur  Road,2 BHK,PualeSk,1346,2,1,74.03
Plot  Area,Ready To Move,Thippasandra,4 BHK,,1200,4,2,200
Super built-up  Area,Ready To Move,Hormavu,2 BHK,ElavuHo,1150,2,2,55
Built-up  Area,Ready To Move,Chikkabidarakallu,4 BHK,Gontyol,3309,4,3,325
Super built-up  Area,18-May,Chandapura,3 BHK,SunceEs,1190,2,2,30.35
Super built-up  Area,Ready To Move,AECS Layout,3 BHK,DSutyng,1620,3,2,98
Super built-up  Area,18-Apr,Marathahalli,2 BHK,,950,2,1,46.96
Super built-up  Area,Ready To Move,1 Giri Nagar,11 BHK,Bancyri,5000,9,3,360
Super built-up  Area,Ready To Move,Harlur,3 BHK,SrEndPo,2450,3,0,120
Super built-up  Area,18-May,Electronic City Phase II,3 BHK,Sryalan,1220,2,1,35.23
Super built-up  Area,Ready To Move,Hoysalanagar,2 BHK,RKntsrt,850,2,1,30
Built-up  Area,Ready To Move,Padmanabhanagar,2 BHK,,1020,2,2,63
Built-up  Area,Ready To Move,Chikkalasandra,2 BHK,,1100,2,2,50
Super built-up  Area,Ready To Move,Defence Colony,2 BHK,Vantspa,1150,2,2,126
Super built-up  Area,18-Dec,Hebbal,3 BHK,Mahosya,1760,2,2,130
Super built-up  Area,Ready To Move,Ambalipura,3 BHK,,1800,3,3,110
Super built-up  Area,Ready To Move,Akshaya Nagar,2 BHK,,1070,2,1,54
Plot  Area,Ready To Move,2nd Stage Nagarbhavi,4 BHK,,1500,4,2,220
Plot  Area,Ready To Move,Vidyaranyapura,4 BHK,,1440,2,0,95
Super built-up  Area,Ready To Move,Amruthahalli,2 BHK,Prowsi,900,2,1,40
Built-up  Area,Ready To Move,ITI Employees Layout,4 BHK,,1200,4,1,230
Super built-up  Area,18-May,Whitefield,2 BHK,SMuilan,1130,2,1,42.16
Super built-up  Area,Ready To Move,Koramangala,2 BHK,Proodt,1320,2,1,165
Super built-up  Area,19-Jun,Kodigehalli,2 BHK,,1270,2,1,98
Built-up  Area,Ready To Move,Patelappa Layout,2 BHK,Sryamar,1200,2,1,62
Super built-up  Area,Ready To Move,Ring Road Nagarbhavi,4 BHK,,4800,4,3,235
Super built-up  Area,Ready To Move,NS Palya,2 BHK,,1200,2,1,74
Super built-up  Area,Ready To Move,Subramanyapura,2 BHK,Prldsri,929,2,0,50.17
Built-up  Area,Ready To Move,RMV 2nd Stage,4 BHK,LiaveEn,1150,4,2,260
Plot  Area,Ready To Move,Basavangudi,4 BHK,,1125,4,3,180
Plot  Area,Ready To Move,Kenchenahalli,4 BHK,,500,3,2,65
Plot  Area,Ready To Move,3rd Block Hrbr Layout,4 BHK,Bemesrm,1200,5,2,190
Super built-up  Area,Ready To Move,KUDLU MAIN ROAD,3 BHK,,1464,3,2,56
Super built-up  Area,Ready To Move,7th Phase JP Nagar,4 BHK,,3600,4,3,400
Plot  Area,Ready To Move,Bank Avenue,4 BHK,,2000,4,2,99
Super built-up  Area,Ready To Move,Chikkalasandra,2 BHK,,1208,2,1,49
Super built-up  Area,Ready To Move,Hebbal Kempapura,2 BHK,Vrensn,1130,2,2,60
Super built-up  Area,Ready To Move,Surabhi Layout,3 BHK,VDdonel,1753,3,2,120
Super built-up  Area,Ready To Move,Old Madras Road,5 BHK,Brica E,4500,7,3,337
Plot  Area,Ready To Move,Banjara Layout,4 BHK,,600,3,2,58
Super built-up  Area,22-Jun,Hoodi,2 BHK,GoAirej,1196,2,2,94.42
Built-up  Area,Ready To Move,5th Phase JP Nagar,2 BHK,Prenty,1150,3,3,52.5
Super built-up  Area,18-Apr,Electronic City,2 BHK,Prarkun,1128,2,1,63
Super built-up  Area,Ready To Move,Omkar Nagar,2 BHK,Shinei,1000,2,1,53
Super built-up  Area,Ready To Move,Yelahanka,2 BHK,Apows M,1035,2,1,45
Built-up  Area,Ready To Move,Kereguddadahalli,2 BHK,,950,2,1,32
Super built-up  Area,Ready To Move,Bisuvanahalli,3 BHK,Prityel,1075,2,1,36
Super built-up  Area,Ready To Move,Whitefield,2 BHK,SVineun,1040,2,1,48.5
Plot  Area,17-Oct,Maragondanahalli,4 BHK,,720,2,1,45
Super built-up  Area,Ready To Move,Lingadheeranahalli,3 BHK,Soiewre,1511,3,1,95
Built-up  Area,Ready To Move,Silk Board,3 BHK,,1300,3,1,58
Super built-up  Area,19-Dec,Hoodi,3 BHK,Caycend,1545,3,1,68.75
Built-up  Area,Ready To Move,Shampura,1 BHK,,375,2,0,26
Super built-up  Area,Ready To Move,Vidyaranyapura,2 BHK,,1062,2,3,38
Super built-up  Area,Ready To Move,Kada Agrahara,2 BHK,,1115,2,1,40
Super built-up  Area,Ready To Move,JP Nagar,2 BHK,DSvvyx,1000,2,1,35
Super built-up  Area,17-May,Kambipura,2 BHK,Prrtht,883,2,1,45
Super built-up  Area,19-Apr,Sarjapur  Road,2 BHK,Brareio,1195,2,1,70
Plot  Area,Ready To Move,BHEL Layout,4 BHK,,1200,3,1,165
Built-up  Area,Ready To Move,Medahalli,4 BHK,,700,1,0,41
Super built-up  Area,Ready To Move,Vittasandra,2 BHK,Prlla C,1246,2,1,67
Plot  Area,Ready To Move,8th Phase JP Nagar,4 BHK,,660,4,2,90
Plot  Area,Ready To Move,Banashankari Stage III,4 BHK,,8500,4,2,145
Super built-up  Area,Ready To Move,Kashi Nagar,4 BHK,,1600,4,1,80
Super built-up  Area,18-Dec,Haralur Road,4 BHK,SNnia E,2805,5,3,154
Super built-up  Area,Ready To Move,Begur Road,3 BHK,,1584,3,1,65
Plot  Area,Ready To Move,Sector 7 HSR Layout,4 BHK,,3000,5,1,275
Built-up  Area,Ready To Move,Hosur Road,3 BHK,,1175,2,2,48
Built-up  Area,19-Jul,"Yemlur, Old Airport Road, ",3 BHK,,1595,3,2,115
Super built-up  Area,Ready To Move,VHBCS Layout,2 BHK,OlarkLa,1353,2,2,110
Super built-up  Area,18-Apr,Electronic City,3 BHK,Prarkun,1599,3,2,125
Super built-up  Area,Ready To Move,Whitefield,2 BHK,SuMTBPr,1150,2,1,70
Super built-up  Area,17-Dec,Jakkur,4 BHK,Lecco C,5230,6,1,465
Super built-up  Area,Ready To Move,KR Puram,2 BHK,Jahidva,1155,2,2,42.74
Built-up  Area,Ready To Move,Ittamadu,1 BHK,,1200,2,0,85
Super built-up  Area,18-Jul,Electronic City Phase II,2 BHK,,1000,2,1,25
Super built-up  Area,Ready To Move,Thanisandra,4 BHK,,3000,4,2,120
Built-up  Area,Ready To Move,Rajiv Nagar,3 BHK,PuoodSk,1867,3,1,160
Super built-up  Area,18-Jun,Ramagondanahalli,2 BHK,ViistLa,1251,2,1,47
Super built-up  Area,18-Apr,Gattahalli,2 BHK,Arano M,1028,2,1,45.5
Super built-up  Area,Ready To Move,Arekere,2 BHK,Amngsag,1222,2,2,45
Super built-up  Area,Ready To Move,Bannerghatta Road,3 BHK,SNity S,1170,2,1,66
Super built-up  Area,Ready To Move,Hebbal,3 BHK,Kacesh,2400,4,1,245
Super built-up  Area,Ready To Move,Ramanjaneyanagar,3 BHK,,1385,2,2,48.48
Super built-up  Area,Ready To Move,HSR Layout,2 BHK,SrisePo,1372,2,1,68
Super built-up  Area,Ready To Move,Magadi Road,3 BHK,Bilya A,1282,2,2,49
Super built-up  Area,Ready To Move,Mico Layout,9 BHK,Amsomun,5000,9,3,210
Built-up  Area,Ready To Move,7th Block Jayanagar,4 BHK,,3000,3,1,528
Super built-up  Area,Ready To Move,Kanakpura Road,2 BHK,Shdhia,1135,2,1,39.73
Built-up  Area,20-Dec,Whitefield,3 BHK,,1768,3,2,101
Built-up  Area,Ready To Move,Byatarayanapura,3 BHK,Foconna,1325,2,1,90
Super built-up  Area,18-Apr,Electronic City,3 BHK,Prarkun,1599,3,2,99
Plot  Area,18-Mar,Whitefield,4 BHK,,1500,3,1,61.95
Plot  Area,Ready To Move,2nd Phase JP Nagar,4 BHK,,2610,3,0,499
Super built-up  Area,Ready To Move,Uttarahalli,2 BHK,,1286,2,2,63
Built-up  Area,Ready To Move,Kammanahalli,5 BHK,,2845,5,1,140
Super built-up  Area,Ready To Move,K G Colony,3 BHK,Aincy R,1600,2,3,50
Super built-up  Area,18-Sep,Hennur Road,2 BHK,Shxorm,1440,2,0,63.77
Super built-up  Area,Ready To Move,Hebbal,3 BHK,Brium C,3450,5,2,260
Super built-up  Area,18-Apr,Munnekollal,2 BHK,Sadhii,1102,2,2,53.67
Super built-up  Area,Ready To Move,Yelahanka,2 BHK,Sahanra,1350,2,2,54
Super built-up  Area,Ready To Move,Banashankari,3 BHK,,1200,2,2,42
Plot  Area,Ready To Move,Hosa Road,4 BHK,,1300,6,0,145
Plot  Area,Ready To Move,Herohalli,4 BHK,,1800,1,1,80
Built-up  Area,Ready To Move,Chikkabanavar,2 BHK,,950,2,1,40
Super built-up  Area,21-Dec,Kanakpura Road,1 BHK,PrarePa,525,1,1,27.25